{
  "title": "",
  "description": "",
  "variables": {
    "getDeptListSDP": {
      "type": "vb/ServiceDataProvider",
      "defaultValue": {
        "endpoint": "app/getDept",
        "keyAttributes": "deptno",
        "itemsPath": "",
        "responseType": "getDeptResponse"
      }
    },
    "info": {
      "type": "string"
    }
  },
  "metadata": {},
  "types": {
    "@decorators.getDeptResponse": {
      "endpoint": "getDept",
      "service": "app",
      "path": "response"
    },
    "getDeptResponse": [
      {
        "deptno": "number",
        "dname": "string",
        "loc": "string"
      }
    ]
  },
  "eventListeners": {
    "toggleDrawer": {
      "chains": [
        {
          "chainId": "application:toggleDrawerHandler"
        }
      ]
    },
    "vbEnter": {
      "chains": [
        {
          "parameters": {},
          "chainId": "vbEnter"
        }
      ]
    }
  },
  "imports": {
    "components": {
      "oj-button": {
        "path": "ojs/ojbutton"
      },
      "oj-table": {
        "path": "ojs/ojtable"
      }
    }
  }
}